{
  "azimuth": 4.607669225265029,
  "elevation": 1.5707963267948966,
  "R": [
    [
      0.9945218953682732,
      0.10452846326765422,
      -6.4005223980262216e-18
    ],
    [
      -0.10452846326765422,
      0.9945218953682732,
      -6.089690279223573e-17
    ],
    [
      0.0,
      6.123233995736766e-17,
      1.0
    ]
  ],
  "T": [
    -1.860375824217367e-15,
    -1.770029361342863e-14,
    290.65999750130794
  ]
}