{
  "azimuth": 0.5235987755982988,
  "elevation": 1.5707963267948966,
  "R": [
    [
      -0.4999999999999999,
      -0.8660254037844387,
      5.3028761936245346e-17
    ],
    [
      0.8660254037844387,
      -0.4999999999999999,
      3.0616169978683824e-17
    ],
    [
      0.0,
      6.123233995736766e-17,
      1.0
    ]
  ],
  "T": [
    1.5413339811886527e-14,
    8.898895889503859e-15,
    290.65999750130794
  ]
}