{
  "azimuth": 3.0368728984701336,
  "elevation": 1.5707963267948966,
  "R": [
    [
      -0.10452846326765329,
      0.9945218953682734,
      -6.089690279223575e-17
    ],
    [
      -0.9945218953682734,
      -0.10452846326765329,
      6.4005223980261646e-18
    ],
    [
      0.0,
      6.123233995736767e-17,
      1.0
    ]
  ],
  "T": [
    -1.7700293613428635e-14,
    1.8603758242173506e-15,
    290.65999750130794
  ]
}