{
  "azimuth": 1.1519173063162573,
  "elevation": 1.5707963267948966,
  "R": [
    [
      -0.9135454576426009,
      -0.40673664307580043,
      2.4905436401935917e-17
    ],
    [
      0.40673664307580043,
      -0.9135454576426009,
      5.593852602888074e-17
    ],
    [
      0.0,
      6.123233995736766e-17,
      1.0
    ]
  ],
  "T": [
    7.239014082355678e-15,
    1.6259091835781327e-14,
    290.65999750130794
  ]
}