{
  "azimuth": 3.4557519189487724,
  "elevation": 1.5707963267948966,
  "R": [
    [
      0.3090169943749472,
      0.9510565162951535,
      -5.823541592445463e-17
    ],
    [
      -0.9510565162951535,
      0.3090169943749472,
      -1.892183365217074e-17
    ],
    [
      0.0,
      6.123233995736766e-17,
      1.0
    ]
  ],
  "T": [
    -1.692670584708961e-14,
    -5.499820122060112e-15,
    290.65999750130794
  ]
}