{
  "azimuth": 1.6755160819145563,
  "elevation": 1.5707963267948966,
  "R": [
    [
      -0.9945218953682734,
      0.10452846326765332,
      -6.400522398026166e-18
    ],
    [
      -0.10452846326765332,
      -0.9945218953682734,
      6.089690279223575e-17
    ],
    [
      0.0,
      6.123233995736767e-17,
      1.0
    ]
  ],
  "T": [
    -1.860375824217351e-15,
    1.7700293613428635e-14,
    290.65999750130794
  ]
}