{
  "azimuth": 5.8643062867009474,
  "elevation": 1.5707963267948966,
  "R": [
    [
      0.40673664307580015,
      -0.9135454576426009,
      5.593852602888076e-17
    ],
    [
      0.9135454576426009,
      0.40673664307580015,
      -2.4905436401935907e-17
    ],
    [
      -0.0,
      6.123233995736766e-17,
      1.0
    ]
  ],
  "T": [
    1.625909183578133e-14,
    -7.239014082355674e-15,
    290.65999750130794
  ]
}