{
  "azimuth": 6.178465552059927,
  "elevation": 1.5707963267948966,
  "R": [
    [
      0.10452846326765343,
      -0.9945218953682734,
      6.089690279223573e-17
    ],
    [
      0.9945218953682734,
      0.10452846326765343,
      -6.4005223980261715e-18
    ],
    [
      -0.0,
      6.123233995736766e-17,
      1.0
    ]
  ],
  "T": [
    1.770029361342863e-14,
    -1.8603758242173526e-15,
    290.65999750130794
  ]
}