{
  "azimuth": 3.1415926535897927,
  "elevation": 1.5707963267948966,
  "R": [
    [
      -5.66553889764798e-16,
      1.0,
      -6.123233995736766e-17
    ],
    [
      -1.0,
      -5.66553889764798e-16,
      3.469142038224711e-32
    ],
    [
      0.0,
      6.123233995736766e-17,
      1.0
    ]
  ],
  "T": [
    -1.7797791779007724e-14,
    1.0083408161620768e-29,
    290.65999750130794
  ]
}