{
  "azimuth": 1.9896753472735356,
  "elevation": 1.5707963267948966,
  "R": [
    [
      -0.9135454576426009,
      0.4067366430758,
      -2.4905436401935895e-17
    ],
    [
      -0.4067366430758,
      -0.9135454576426009,
      5.593852602888076e-17
    ],
    [
      0.0,
      6.123233995736765e-17,
      1.0
    ]
  ],
  "T": [
    -7.239014082355671e-15,
    1.625909183578133e-14,
    290.65999750130794
  ]
}