{
  "azimuth": 3.2463124087094526,
  "elevation": 1.5707963267948966,
  "R": [
    [
      0.10452846326765305,
      0.9945218953682734,
      -6.089690279223575e-17
    ],
    [
      -0.9945218953682734,
      0.10452846326765305,
      -6.40052239802615e-18
    ],
    [
      0.0,
      6.123233995736766e-17,
      1.0
    ]
  ],
  "T": [
    -1.7700293613428635e-14,
    -1.8603758242173463e-15,
    290.65999750130794
  ]
}