{
  "azimuth": 4.1887902047863905,
  "elevation": 1.5707963267948966,
  "R": [
    [
      0.8660254037844384,
      0.5000000000000006,
      -3.061616997868386e-17
    ],
    [
      -0.5000000000000006,
      0.8660254037844384,
      -5.302876193624533e-17
    ],
    [
      0.0,
      6.123233995736767e-17,
      1.0
    ]
  ],
  "T": [
    -8.89889588950387e-15,
    -1.541333981188652e-14,
    290.65999750130794
  ]
}