{
  "azimuth": 0.3141592653589793,
  "elevation": 1.5707963267948966,
  "R": [
    [
      -0.3090169943749474,
      -0.9510565162951535,
      5.823541592445462e-17
    ],
    [
      0.9510565162951535,
      -0.3090169943749474,
      1.892183365217075e-17
    ],
    [
      0.0,
      6.123233995736765e-17,
      1.0
    ]
  ],
  "T": [
    1.6926705847089607e-14,
    5.4998201220601145e-15,
    290.65999750130794
  ]
}