{
  "azimuth": 4.817108735504349,
  "elevation": 1.5707963267948966,
  "R": [
    [
      0.9945218953682734,
      -0.104528463267653,
      6.400522398026146e-18
    ],
    [
      0.104528463267653,
      0.9945218953682734,
      -6.089690279223575e-17
    ],
    [
      -0.0,
      6.123233995736766e-17,
      1.0
    ]
  ],
  "T": [
    1.860375824217345e-15,
    -1.7700293613428635e-14,
    290.65999750130794
  ]
}