{
  "azimuth": 0.41887902047863906,
  "elevation": 1.5707963267948966,
  "R": [
    [
      -0.40673664307580026,
      -0.9135454576426009,
      5.593852602888074e-17
    ],
    [
      0.9135454576426009,
      -0.40673664307580026,
      2.4905436401935907e-17
    ],
    [
      0.0,
      6.123233995736765e-17,
      1.0
    ]
  ],
  "T": [
    1.6259091835781327e-14,
    7.239014082355674e-15,
    290.65999750130794
  ]
}