{
  "azimuth": 1.3613568165555772,
  "elevation": 1.5707963267948966,
  "R": [
    [
      -0.9781476007338057,
      -0.20791169081775926,
      1.2730919333264149e-17
    ],
    [
      0.20791169081775926,
      -0.9781476007338057,
      5.989426641661591e-17
    ],
    [
      0.0,
      6.123233995736765e-17,
      1.0
    ]
  ],
  "T": [
    3.7003689815959106e-15,
    1.7408867326996253e-14,
    290.65999750130794
  ]
}