{
  "azimuth": 4.29350995990605,
  "elevation": 1.5707963267948966,
  "R": [
    [
      0.9135454576426005,
      0.4067366430758009,
      -2.490543640193595e-17
    ],
    [
      -0.4067366430758009,
      0.9135454576426005,
      -5.593852602888073e-17
    ],
    [
      0.0,
      6.123233995736765e-17,
      1.0
    ]
  ],
  "T": [
    -7.239014082355687e-15,
    -1.625909183578132e-14,
    290.65999750130794
  ]
}