{
  "azimuth": 4.084070449666731,
  "elevation": 1.5707963267948966,
  "R": [
    [
      0.8090169943749475,
      0.5877852522924732,
      -3.599146639029984e-17
    ],
    [
      -0.5877852522924732,
      0.8090169943749475,
      -4.953800363085458e-17
    ],
    [
      0.0,
      6.123233995736767e-17,
      1.0
    ]
  ],
  "T": [
    -1.046127953107296e-14,
    -1.4398716011563976e-14,
    290.65999750130794
  ]
}