{
  "azimuth": 2.3038346126325147,
  "elevation": 1.5707963267948966,
  "R": [
    [
      -0.7431448254773946,
      0.669130606358858,
      -4.097243276444514e-17
    ],
    [
      -0.669130606358858,
      -0.7431448254773946,
      4.5504496591190474e-17
    ],
    [
      0.0,
      6.123233995736766e-17,
      1.0
    ]
  ],
  "T": [
    -1.1909047204936132e-14,
    1.3226336865493699e-14,
    290.65999750130794
  ]
}