{
  "azimuth": 5.654866776461628,
  "elevation": 1.5707963267948966,
  "R": [
    [
      0.5877852522924732,
      -0.8090169943749472,
      4.953800363085458e-17
    ],
    [
      0.8090169943749472,
      0.5877852522924732,
      -3.599146639029985e-17
    ],
    [
      -0.0,
      6.123233995736766e-17,
      1.0
    ]
  ],
  "T": [
    1.4398716011563976e-14,
    -1.0461279531072963e-14,
    290.65999750130794
  ]
}