{
  "azimuth": 0.7330382858376184,
  "elevation": 1.5707963267948966,
  "R": [
    [
      -0.6691306063588582,
      -0.7431448254773942,
      4.550449659119046e-17
    ],
    [
      0.7431448254773942,
      -0.6691306063588582,
      4.0972432764445166e-17
    ],
    [
      0.0,
      6.123233995736766e-17,
      1.0
    ]
  ],
  "T": [
    1.3226336865493696e-14,
    1.190904720493614e-14,
    290.65999750130794
  ]
}