{
  "azimuth": 2.827433388230814,
  "elevation": 1.5707963267948966,
  "R": [
    [
      -0.3090169943749475,
      0.9510565162951535,
      -5.823541592445462e-17
    ],
    [
      -0.9510565162951535,
      -0.3090169943749475,
      1.8921833652170756e-17
    ],
    [
      0.0,
      6.123233995736766e-17,
      1.0
    ]
  ],
  "T": [
    -1.6926705847089607e-14,
    5.499820122060117e-15,
    290.65999750130794
  ]
}