{
  "azimuth": 0.20943951023931953,
  "elevation": 1.5707963267948966,
  "R": [
    [
      -0.20791169081775937,
      -0.9781476007338057,
      5.989426641661591e-17
    ],
    [
      0.9781476007338057,
      -0.20791169081775937,
      1.2730919333264155e-17
    ],
    [
      0.0,
      6.123233995736766e-17,
      1.0
    ]
  ],
  "T": [
    1.7408867326996253e-14,
    3.700368981595912e-15,
    290.65999750130794
  ]
}