{
  "azimuth": 4.9218284906240095,
  "elevation": 1.5707963267948966,
  "R": [
    [
      0.9781476007338057,
      -0.20791169081775945,
      1.273091933326416e-17
    ],
    [
      0.20791169081775945,
      0.9781476007338057,
      -5.989426641661591e-17
    ],
    [
      -0.0,
      6.123233995736766e-17,
      1.0
    ]
  ],
  "T": [
    3.700368981595914e-15,
    -1.7408867326996253e-14,
    290.65999750130794
  ]
}