{
  "azimuth": 5.1312680008633285,
  "elevation": 1.5707963267948966,
  "R": [
    [
      0.9135454576426011,
      -0.40673664307579993,
      2.4905436401935886e-17
    ],
    [
      0.40673664307579993,
      0.9135454576426011,
      -5.593852602888076e-17
    ],
    [
      -0.0,
      6.123233995736766e-17,
      1.0
    ]
  ],
  "T": [
    7.239014082355668e-15,
    -1.625909183578133e-14,
    290.65999750130794
  ]
}