{
  "azimuth": 1.5707963267948963,
  "elevation": 1.5707963267948966,
  "R": [
    [
      -1.0,
      -2.83276944882399e-16,
      1.7345710191123555e-32
    ],
    [
      2.83276944882399e-16,
      -1.0,
      6.123233995736766e-17
    ],
    [
      0.0,
      6.123233995736766e-17,
      1.0
    ]
  ],
  "T": [
    5.041704080810384e-30,
    1.7797791779007724e-14,
    290.65999750130794
  ]
}