{
  "azimuth": 5.026548245743669,
  "elevation": 1.5707963267948966,
  "R": [
    [
      0.9510565162951535,
      -0.3090169943749471,
      1.8921833652170737e-17
    ],
    [
      0.3090169943749471,
      0.9510565162951535,
      -5.823541592445463e-17
    ],
    [
      -0.0,
      6.123233995736766e-17,
      1.0
    ]
  ],
  "T": [
    5.499820122060111e-15,
    -1.692670584708961e-14,
    290.65999750130794
  ]
}