{
  "azimuth": 5.340707511102648,
  "elevation": 1.5707963267948966,
  "R": [
    [
      0.8090169943749476,
      -0.587785252292473,
      3.5991466390299825e-17
    ],
    [
      0.587785252292473,
      0.8090169943749476,
      -4.953800363085459e-17
    ],
    [
      -0.0,
      6.123233995736767e-17,
      1.0
    ]
  ],
  "T": [
    1.0461279531072955e-14,
    -1.439871601156398e-14,
    290.65999750130794
  ]
}