{
  "azimuth": 2.0943951023931953,
  "elevation": 1.5707963267948966,
  "R": [
    [
      -0.8660254037844387,
      0.4999999999999998,
      -3.061616997868382e-17
    ],
    [
      -0.4999999999999998,
      -0.8660254037844387,
      5.3028761936245346e-17
    ],
    [
      0.0,
      6.123233995736765e-17,
      1.0
    ]
  ],
  "T": [
    -8.898895889503857e-15,
    1.5413339811886527e-14,
    290.65999750130794
  ]
}