{
  "azimuth": 0.8377580409572781,
  "elevation": 1.5707963267948966,
  "R": [
    [
      -0.7431448254773942,
      -0.6691306063588583,
      4.0972432764445166e-17
    ],
    [
      0.6691306063588583,
      -0.7431448254773942,
      4.5504496591190456e-17
    ],
    [
      0.0,
      6.123233995736766e-17,
      1.0
    ]
  ],
  "T": [
    1.190904720493614e-14,
    1.3226336865493694e-14,
    290.65999750130794
  ]
}