{
  "azimuth": 0.0,
  "elevation": 1.5707963267948966,
  "R": [
    [
      0.0,
      -1.0,
      6.123233995736766e-17
    ],
    [
      1.0,
      0.0,
      -0.0
    ],
    [
      -0.0,
      6.123233995736766e-17,
      1.0
    ]
  ],
  "T": [
    1.7797791779007724e-14,
    0.0,
    290.65999750130794
  ]
}