{
  "azimuth": 3.979350694547071,
  "elevation": 1.5707963267948966,
  "R": [
    [
      0.743144825477394,
      0.6691306063588585,
      -4.097243276444518e-17
    ],
    [
      -0.6691306063588585,
      0.743144825477394,
      -4.550449659119045e-17
    ],
    [
      0.0,
      6.123233995736766e-17,
      1.0
    ]
  ],
  "T": [
    -1.1912119967710167e-14,
    -1.3229749514285624e-14,
    290.73499335990607
  ]
}