{
  "azimuth": 2.3038346126325147,
  "elevation": 1.5707963267948966,
  "R": [
    [
      -0.7431448254773945,
      0.6691306063588578,
      -4.097243276444514e-17
    ],
    [
      -0.6691306063588578,
      -0.7431448254773945,
      4.550449659119048e-17
    ],
    [
      0.0,
      6.123233995736765e-17,
      1.0
    ]
  ],
  "T": [
    -1.1912119967710156e-14,
    1.3229749514285632e-14,
    290.73499335990607
  ]
}