{
  "azimuth": 2.199114857512855,
  "elevation": 1.5707963267948966,
  "R": [
    [
      -0.8090169943749476,
      0.5877852522924731,
      -3.5991466390299825e-17
    ],
    [
      -0.5877852522924731,
      -0.8090169943749476,
      4.953800363085458e-17
    ],
    [
      0.0,
      6.123233995736766e-17,
      1.0
    ]
  ],
  "T": [
    -1.0463978741997103e-14,
    1.440243115667951e-14,
    290.73499335990607
  ]
}