{
  "azimuth": 3.665191429188092,
  "elevation": 1.5707963267948966,
  "R": [
    [
      0.4999999999999997,
      0.8660254037844388,
      -5.302876193624535e-17
    ],
    [
      -0.8660254037844388,
      0.4999999999999997,
      -3.061616997868381e-17
    ],
    [
      0.0,
      6.123233995736766e-17,
      1.0
    ]
  ],
  "T": [
    -1.5417316749418333e-14,
    -8.901191975458394e-15,
    290.73499335990607
  ]
}