{
  "azimuth": 2.7227136331111543,
  "elevation": 1.5707963267948966,
  "R": [
    [
      -0.4067366430758001,
      0.9135454576426009,
      -5.593852602888076e-17
    ],
    [
      -0.9135454576426009,
      -0.4067366430758001,
      2.49054364019359e-17
    ],
    [
      0.0,
      6.123233995736765e-17,
      1.0
    ]
  ],
  "T": [
    -1.626328699356958e-14,
    7.240881886942397e-15,
    290.73499335990607
  ]
}