{
  "azimuth": 2.827433388230814,
  "elevation": 1.5707963267948966,
  "R": [
    [
      -0.30901699437494745,
      0.9510565162951535,
      -5.823541592445462e-17
    ],
    [
      -0.9510565162951535,
      -0.30901699437494745,
      1.8921833652170753e-17
    ],
    [
      0.0,
      6.123233995736766e-17,
      1.0
    ]
  ],
  "T": [
    -1.693107326210768e-14,
    5.501239181221111e-15,
    290.73499335990607
  ]
}