{
  "azimuth": 5.026548245743669,
  "elevation": 1.5707963267948966,
  "R": [
    [
      0.9510565162951535,
      -0.3090169943749472,
      1.892183365217074e-17
    ],
    [
      0.3090169943749472,
      0.9510565162951535,
      -5.823541592445463e-17
    ],
    [
      -0.0,
      6.123233995736766e-17,
      1.0
    ]
  ],
  "T": [
    5.501239181221107e-15,
    -1.6931073262107684e-14,
    290.73499335990607
  ]
}