{
  "azimuth": 4.607669225265029,
  "elevation": 1.5707963267948966,
  "R": [
    [
      0.9945218953682732,
      0.10452846326765423,
      -6.400522398026222e-18
    ],
    [
      -0.10452846326765423,
      0.9945218953682732,
      -6.089690279223573e-17
    ],
    [
      0.0,
      6.123233995736766e-17,
      1.0
    ]
  ],
  "T": [
    -1.860855836890084e-15,
    -1.7704860628939503e-14,
    290.73499335990607
  ]
}