{
  "azimuth": 2.9321531433504737,
  "elevation": 1.5707963267948966,
  "R": [
    [
      -0.20791169081775926,
      0.9781476007338056,
      -5.989426641661592e-17
    ],
    [
      -0.9781476007338056,
      -0.20791169081775926,
      1.2730919333264154e-17
    ],
    [
      0.0,
      6.123233995736766e-17,
      1.0
    ]
  ],
  "T": [
    -1.7413359148931274e-14,
    3.701323747822054e-15,
    290.73499335990607
  ]
}