{
  "azimuth": 3.4557519189487724,
  "elevation": 1.5707963267948966,
  "R": [
    [
      0.30901699437494723,
      0.9510565162951535,
      -5.823541592445463e-17
    ],
    [
      -0.9510565162951535,
      0.30901699437494723,
      -1.8921833652170744e-17
    ],
    [
      0.0,
      6.123233995736766e-17,
      1.0
    ]
  ],
  "T": [
    -1.6931073262107684e-14,
    -5.501239181221108e-15,
    290.73499335990607
  ]
}