{
  "azimuth": 3.5604716740684323,
  "elevation": 1.5707963267948966,
  "R": [
    [
      0.4067366430758002,
      0.9135454576426009,
      -5.593852602888076e-17
    ],
    [
      -0.9135454576426009,
      0.4067366430758002,
      -2.490543640193591e-17
    ],
    [
      0.0,
      6.123233995736766e-17,
      1.0
    ]
  ],
  "T": [
    -1.6263286993569578e-14,
    -7.2408818869424e-15,
    290.73499335990607
  ]
}