{
  "azimuth": 4.71238898038469,
  "elevation": 1.5707963267948966,
  "R": [
    [
      1.0,
      1.8369701987210297e-16,
      -1.1248198369963932e-32
    ],
    [
      -1.8369701987210297e-16,
      1.0,
      -6.123233995736766e-17
    ],
    [
      0.0,
      6.123233995736766e-17,
      1.0
    ]
  ],
  "T": [
    -3.27024487840237e-30,
    -1.7802383950916797e-14,
    290.73499335990607
  ]
}