{
  "azimuth": 2.4085543677521746,
  "elevation": 1.5707963267948966,
  "R": [
    [
      -0.6691306063588583,
      0.743144825477394,
      -4.550449659119045e-17
    ],
    [
      -0.743144825477394,
      -0.6691306063588583,
      4.097243276444517e-17
    ],
    [
      0.0,
      6.123233995736765e-17,
      1.0
    ]
  ],
  "T": [
    -1.3229749514285624e-14,
    1.1912119967710166e-14,
    290.73499335990607
  ]
}