{
  "azimuth": 4.817108735504349,
  "elevation": 1.5707963267948966,
  "R": [
    [
      0.9945218953682734,
      -0.104528463267653,
      6.400522398026145e-18
    ],
    [
      0.104528463267653,
      0.9945218953682734,
      -6.089690279223573e-17
    ],
    [
      -0.0,
      6.123233995736765e-17,
      1.0
    ]
  ],
  "T": [
    1.8608558368900614e-15,
    -1.7704860628939503e-14,
    290.73499335990607
  ]
}