{
  "azimuth": 1.8849555921538759,
  "elevation": 1.5707963267948966,
  "R": [
    [
      -0.9510565162951535,
      0.3090169943749473,
      -1.8921833652170747e-17
    ],
    [
      -0.3090169943749473,
      -0.9510565162951535,
      5.823541592445463e-17
    ],
    [
      0.0,
      6.123233995736766e-17,
      1.0
    ]
  ],
  "T": [
    -5.501239181221109e-15,
    1.6931073262107684e-14,
    290.73499335990607
  ]
}