{
  "azimuth": 4.50294947014537,
  "elevation": 1.5707963267948966,
  "R": [
    [
      0.9781476007338056,
      0.20791169081775981,
      -1.2730919333264185e-17
    ],
    [
      -0.20791169081775981,
      0.9781476007338056,
      -5.989426641661591e-17
    ],
    [
      0.0,
      6.123233995736767e-17,
      1.0
    ]
  ],
  "T": [
    -3.7013237478220624e-15,
    -1.741335914893127e-14,
    290.73499335990607
  ]
}