{
  "azimuth": 1.7802358370342162,
  "elevation": 1.5707963267948966,
  "R": [
    [
      -0.9781476007338056,
      0.20791169081775931,
      -1.2730919333264157e-17
    ],
    [
      -0.20791169081775931,
      -0.9781476007338056,
      5.989426641661592e-17
    ],
    [
      0.0,
      6.123233995736767e-17,
      1.0
    ]
  ],
  "T": [
    -3.7013237478220545e-15,
    1.7413359148931274e-14,
    290.73499335990607
  ]
}