{
  "azimuth": 4.9218284906240095,
  "elevation": 1.5707963267948966,
  "R": [
    [
      0.9781476007338057,
      -0.20791169081775948,
      1.2730919333264163e-17
    ],
    [
      0.20791169081775948,
      0.9781476007338057,
      -5.989426641661591e-17
    ],
    [
      -0.0,
      6.123233995736766e-17,
      1.0
    ]
  ],
  "T": [
    3.701323747822056e-15,
    -1.741335914893127e-14,
    290.73499335990607
  ]
}