{
  "azimuth": 1.2566370614359172,
  "elevation": 1.5707963267948966,
  "R": [
    [
      -0.9510565162951535,
      -0.3090169943749474,
      1.892183365217075e-17
    ],
    [
      0.3090169943749474,
      -0.9510565162951535,
      5.823541592445462e-17
    ],
    [
      0.0,
      6.123233995736765e-17,
      1.0
    ]
  ],
  "T": [
    5.5012391812211105e-15,
    1.693107326210768e-14,
    290.73499335990607
  ]
}