{
  "azimuth": 1.6755160819145563,
  "elevation": 1.5707963267948966,
  "R": [
    [
      -0.9945218953682734,
      0.10452846326765336,
      -6.400522398026167e-18
    ],
    [
      -0.10452846326765336,
      -0.9945218953682734,
      6.089690279223573e-17
    ],
    [
      0.0,
      6.123233995736766e-17,
      1.0
    ]
  ],
  "T": [
    -1.8608558368900677e-15,
    1.7704860628939503e-14,
    290.73499335990607
  ]
}