{
  "azimuth": 4.1887902047863905,
  "elevation": 1.5707963267948966,
  "R": [
    [
      0.8660254037844385,
      0.5000000000000006,
      -3.061616997868386e-17
    ],
    [
      -0.5000000000000006,
      0.8660254037844385,
      -5.3028761936245333e-17
    ],
    [
      0.0,
      6.123233995736767e-17,
      1.0
    ]
  ],
  "T": [
    -8.901191975458408e-15,
    -1.5417316749418326e-14,
    290.73499335990607
  ]
}