{
  "azimuth": 3.7699111843077517,
  "elevation": 1.5707963267948966,
  "R": [
    [
      0.587785252292473,
      0.8090169943749476,
      -4.953800363085459e-17
    ],
    [
      -0.8090169943749476,
      0.587785252292473,
      -3.5991466390299825e-17
    ],
    [
      0.0,
      6.123233995736767e-17,
      1.0
    ]
  ],
  "T": [
    -1.4402431156679512e-14,
    -1.0463978741997103e-14,
    290.73499335990607
  ]
}