{
  "azimuth": 6.178465552059927,
  "elevation": 1.5707963267948966,
  "R": [
    [
      0.10452846326765344,
      -0.9945218953682734,
      6.089690279223573e-17
    ],
    [
      0.9945218953682734,
      0.10452846326765344,
      -6.400522398026172e-18
    ],
    [
      -0.0,
      6.123233995736766e-17,
      1.0
    ]
  ],
  "T": [
    1.7704860628939503e-14,
    -1.8608558368900693e-15,
    290.73499335990607
  ]
}