{
  "azimuth": 5.1312680008633285,
  "elevation": 1.5707963267948966,
  "R": [
    [
      0.9135454576426011,
      -0.4067366430757998,
      2.490543640193588e-17
    ],
    [
      0.4067366430757998,
      0.9135454576426011,
      -5.593852602888076e-17
    ],
    [
      -0.0,
      6.123233995736765e-17,
      1.0
    ]
  ],
  "T": [
    7.240881886942391e-15,
    -1.626328699356958e-14,
    290.73499335990607
  ]
}