{
  "azimuth": 3.2463124087094526,
  "elevation": 1.5707963267948966,
  "R": [
    [
      0.10452846326765308,
      0.9945218953682734,
      -6.089690279223573e-17
    ],
    [
      -0.9945218953682734,
      0.10452846326765308,
      -6.400522398026151e-18
    ],
    [
      0.0,
      6.123233995736765e-17,
      1.0
    ]
  ],
  "T": [
    -1.7704860628939503e-14,
    -1.860855836890063e-15,
    290.73499335990607
  ]
}