{
  "azimuth": 4.39822971502571,
  "elevation": 1.5707963267948966,
  "R": [
    [
      0.9510565162951535,
      0.30901699437494756,
      -1.892183365217076e-17
    ],
    [
      -0.30901699437494756,
      0.9510565162951535,
      -5.823541592445462e-17
    ],
    [
      0.0,
      6.123233995736766e-17,
      1.0
    ]
  ],
  "T": [
    -5.501239181221113e-15,
    -1.693107326210768e-14,
    290.73499335990607
  ]
}