{
  "azimuth": 5.550147021341968,
  "elevation": 1.5707963267948966,
  "R": [
    [
      0.6691306063588581,
      -0.7431448254773942,
      4.550449659119046e-17
    ],
    [
      0.7431448254773942,
      0.6691306063588581,
      -4.097243276444516e-17
    ],
    [
      -0.0,
      6.123233995736765e-17,
      1.0
    ]
  ],
  "T": [
    1.3229749514285627e-14,
    -1.1912119967710162e-14,
    290.73499335990607
  ]
}