{
  "azimuth": 5.8643062867009474,
  "elevation": 1.5707963267948966,
  "R": [
    [
      0.40673664307580015,
      -0.9135454576426009,
      5.593852602888076e-17
    ],
    [
      0.9135454576426009,
      0.40673664307580015,
      -2.4905436401935907e-17
    ],
    [
      -0.0,
      6.123233995736766e-17,
      1.0
    ]
  ],
  "T": [
    1.626328699356958e-14,
    -7.240881886942399e-15,
    290.73499335990607
  ]
}