{
  "azimuth": 5.340707511102648,
  "elevation": 1.5707963267948966,
  "R": [
    [
      0.8090169943749476,
      -0.5877852522924729,
      3.599146639029982e-17
    ],
    [
      0.5877852522924729,
      0.8090169943749476,
      -4.953800363085459e-17
    ],
    [
      -0.0,
      6.123233995736766e-17,
      1.0
    ]
  ],
  "T": [
    1.0463978741997101e-14,
    -1.4402431156679512e-14,
    290.73499335990607
  ]
}