{
  "azimuth": 3.3510321638291125,
  "elevation": 1.5707963267948966,
  "R": [
    [
      0.20791169081775904,
      0.9781476007338058,
      -5.989426641661592e-17
    ],
    [
      -0.9781476007338058,
      0.20791169081775904,
      -1.2730919333264138e-17
    ],
    [
      0.0,
      6.123233995736767e-17,
      1.0
    ]
  ],
  "T": [
    -1.7413359148931274e-14,
    -3.701323747822049e-15,
    290.73499335990607
  ]
}