{
  "azimuth": 3.0368728984701336,
  "elevation": 1.5707963267948966,
  "R": [
    [
      -0.10452846326765332,
      0.9945218953682734,
      -6.089690279223573e-17
    ],
    [
      -0.9945218953682734,
      -0.10452846326765332,
      6.4005223980261646e-18
    ],
    [
      0.0,
      6.123233995736766e-17,
      1.0
    ]
  ],
  "T": [
    -1.7704860628939503e-14,
    1.860855836890067e-15,
    290.73499335990607
  ]
}