{
  "azimuth": 5.969026041820607,
  "elevation": 1.5707963267948966,
  "R": [
    [
      0.3090169943749477,
      -0.9510565162951535,
      5.823541592445462e-17
    ],
    [
      0.9510565162951535,
      0.3090169943749477,
      -1.8921833652170765e-17
    ],
    [
      -0.0,
      6.123233995736766e-17,
      1.0
    ]
  ],
  "T": [
    1.693107326210768e-14,
    -5.5012391812211145e-15,
    290.73499335990607
  ]
}