{
  "azimuth": 1.1519173063162573,
  "elevation": 1.5707963267948966,
  "R": [
    [
      -0.9135454576426009,
      -0.4067366430758003,
      2.4905436401935917e-17
    ],
    [
      0.4067366430758003,
      -0.9135454576426009,
      5.593852602888076e-17
    ],
    [
      0.0,
      6.123233995736767e-17,
      1.0
    ]
  ],
  "T": [
    7.240881886942402e-15,
    1.6263286993569578e-14,
    290.73499335990607
  ]
}