{
  "azimuth": 0.6283185307179586,
  "elevation": 1.5707963267948966,
  "R": [
    [
      -0.5877852522924732,
      -0.8090169943749475,
      4.953800363085458e-17
    ],
    [
      0.8090169943749475,
      -0.5877852522924732,
      3.599146639029984e-17
    ],
    [
      0.0,
      6.123233995736767e-17,
      1.0
    ]
  ],
  "T": [
    1.440243115667951e-14,
    1.0463978741997106e-14,
    290.73499335990607
  ]
}