{
  "azimuth": 5.235987755982989,
  "elevation": 1.5707963267948966,
  "R": [
    [
      0.8660254037844387,
      -0.5000000000000001,
      3.0616169978683836e-17
    ],
    [
      0.5000000000000001,
      0.8660254037844387,
      -5.3028761936245346e-17
    ],
    [
      -0.0,
      6.123233995736767e-17,
      1.0
    ]
  ],
  "T": [
    8.9011919754584e-15,
    -1.541731674941833e-14,
    290.73499335990607
  ]
}